lambda = 0.01,,l=0.0001,l=0.000001,,,,,,,l=0.0001
1,1.000066667,1.000000007,1.000015259,,1,1.000000007,,,0.01,1.000033331
2,1.000141667,1.000000014,0.999984149,,2,1.000000014,,,0.02,1.000008333
3,1.000303704,1.00000003,1.000011094,,3,1.00000003,,,0.03,1.000003703
4,1.000535417,1.000000053,0.999981672,,4,1.000000053,,,0.04,1.000002084
5,1.000834667,1.000000084,1.000001647,,5,1.000000084,,,0.05,1.000001334
6,1.001200926,1.00000012,1.00001097,,6,1.00000012,,,0.06,1.000000925
7,1.001634014,1.000000164,1.000012855,,7,1.000000164,,,0.07,1.00000068
8,1.002133854,1.000000215,0.999982577,,8,1.000000215,,,0.08,1.000000521
9,1.002700412,1.00000027,0.999998454,,9,1.00000027,,,0.09,1.000000413
10,1.003333667,1.000000333,0.99999409,,10,1.000000333,,,0.1,1.000000334
11,1.004033609,1.000000404,1.000002724,,11,1.000000404,,,0.11,1.000000274
12,1.004800231,1.000000479,0.999996312,,12,1.000000479,,,0.12,1.000000232
13,1.005633531,1.000000562,0.999983867,,13,1.000000562,,,0.13,1.000000197
14,1.006533503,1.000000655,0.999989443,,14,1.000000655,,,0.14,1.000000169
15,1.007500148,1.000000751,1.000022629,,15,1.000000751,,,0.15,1.000000148
16,1.008533464,1.000000852,1.000008892,,16,1.000000852,,,0.16,1.000000128
17,1.009633449,1.000000964,0.999987973,,17,1.000000964,,,0.17,1.000000116
18,1.010800103,1.000001081,1.000006994,,18,1.000001081,,,0.18,1.000000102
19,1.012033426,1.000001204,0.999985114,,19,1.000001204,,,0.19,1.000000092
20,1.013333417,1.000001334,0.999997124,,20,1.000001334,,,0.2,1.000000084
21,1.014700076,1.000001469,0.999990682,,21,1.000001469,,,0.21,1.000000077
22,1.016133402,1.000001614,0.999999023,,22,1.000001614,,,0.22,1.000000068
23,1.017633396,1.000001763,1.000001586,,23,1.000001763,,,0.23,1.000000063
24,1.019200058,1.000001921,1.000001734,,24,1.000001921,,,0.24,1.000000059
25,1.020833387,1.000002084,0.999986552,,25,1.000002084,,,0.25,1.000000053
26,1.022533383,1.000002254,1.000008202,,26,1.000002254,,,0.26,1.000000048
27,1.024300046,1.000002431,0.99999804,,27,1.000002431,,,0.27,1.000000046
28,1.026133376,1.000002614,0.999991779,,28,1.000002614,,,0.28,1.000000043
29,1.028033373,1.000002803,1.000010454,,29,1.000002803,,,0.29,1.000000039
30,1.030000037,1.000002998,0.999994493,,30,1.000002998,,,0.3,1.000000036
31,1.032033368,1.000003203,1.000000309,,31,1.000003203,,,0.31,1.000000035
32,1.034133366,1.000003413,0.999992429,,32,1.000003413,,,0.32,1.000000033
33,1.036300031,1.000003631,0.99999852,,33,1.000003631,,,0.33,1.000000031
34,1.038533362,1.000003853,0.999997361,,34,1.000003853,,,0.34,1.000000028
35,1.040833361,1.000004084,0.999999834,,35,1.000004084,,,0.35,1.000000028
36,1.043200026,1.000004321,0.999994764,,36,1.000004321,,,0.36,1.000000027
37,1.045633358,1.000004564,1.000010083,,37,1.000004564,,,0.37,1.000000025
38,1.048133356,1.000004814,1.000020347,,38,1.000004814,,,0.38,1.000000026
39,1.050700022,1.000005069,0.999995024,,39,1.000005069,,,0.39,1.000000023
40,1.053333354,1.000005332,1.000012083,,40,1.000005332,,,0.4,1.00000002
41,1.056033353,1.000005604,1.000009816,,41,1.000005604,,,0.41,1.00000002
42,1.058800019,1.000005882,0.999997102,,42,1.000005882,,,0.42,1.000000019
43,1.061633351,1.000006164,1.000000689,,43,1.000006164,,,0.43,1.00000002
44,1.064533351,1.000006452,0.999996121,,44,1.000006452,,,0.44,1.000000017
45,1.067500016,1.000006751,0.999988137,,45,1.000006751,,,0.45,1.000000017
46,1.070533349,1.000007052,1.000016431,,46,1.000007052,,,0.46,1.000000017
47,1.073633348,1.000007362,0.999992518,,47,1.000007362,,,0.47,1.000000016
48,1.076800014,1.000007679,0.999989954,,48,1.000007679,,,0.48,1.000000016
49,1.080033347,1.000008002,1.000001984,,49,1.000008002,,,0.49,1.000000017
50,1.083333347,1.000008332,1.000001154,,50,1.000008332,,,0.5,1.000000014
51,1.086700013,1.00000867,1.000001701,,51,1.00000867,,,0.51,1.000000015
52,1.090133346,1.000009014,0.999991317,,52,1.000009014,,,0.52,1.000000014
53,1.093633345,1.000009363,1.000008766,,53,1.000009363,,,0.53,1.000000012
54,1.097200011,1.00000972,0.999998438,,54,1.00000972,,,0.54,1.000000013
55,1.100833344,1.000010084,1.000001561,,55,1.000010084,,,0.55,1.000000012
56,1.104533344,1.000010454,1.000009793,,56,1.000010454,,,0.56,1.00000001
57,1.10830001,1.000010831,1.000010717,,57,1.000010831,,,0.57,1.00000001
58,1.112133343,1.000011214,1.000002665,,58,1.000011214,,,0.58,1.000000011
59,1.116033343,1.000011601,1.000002844,,59,1.000011601,,,0.59,1.000000012
60,1.120000009,1.000012,1.000006981,,60,1.000012,,,0.6,1.00000001
61,1.124033342,1.000012403,1.000000091,,61,1.000012403,,,0.61,1.00000001
62,1.128133342,1.000012815,1.000021183,,62,1.000012815,,,0.62,1.00000001
63,1.132300008,1.000013229,1.000005668,,63,1.000013229,,,0.63,1.00000001
64,1.136533341,1.000013654,0.999989265,,64,1.000013654,,,0.64,1.000000009
65,1.140833341,1.000014084,0.999999506,,65,1.000014084,,,0.65,1.000000009
66,1.145200008,1.000014519,0.999998593,,66,1.000014519,,,0.66,1.000000009
67,1.149633341,1.000014963,1.000010153,,67,1.000014963,,,0.67,1.00000001
68,1.154133341,1.000015413,0.999994567,,68,1.000015413,,,0.68,1.000000009
69,1.158700007,1.000015869,0.999979753,,69,1.000015869,,,0.69,1.000000008
70,1.16333334,1.000016333,0.999998697,,70,1.000016333,,,0.7,1.000000008
71,1.16803334,1.000016804,0.999985078,,71,1.000016804,,,0.71,1.000000007
72,1.172800006,1.00001728,1.000010895,,72,1.00001728,,,0.72,1.000000009
73,1.17763334,1.000017763,1.000020583,,73,1.000017763,,,0.73,1.000000008
74,1.182533339,1.000018254,0.999998697,,74,1.000018254,,,0.74,1.000000009
75,1.187500006,1.000018749,0.999995501,,75,1.000018749,,,0.75,1.000000009
76,1.192533339,1.000019254,1.000009472,,76,1.000019254,,,0.76,1.000000007
77,1.197633339,1.000019764,0.999975716,,77,1.000019764,,,0.77,1.000000007
78,1.202800005,1.00002028,1.000009541,,78,1.00002028,,,0.78,1.000000008
79,1.208033339,1.000020803,0.999989366,,79,1.000020803,,,0.79,1.000000006
80,1.213333339,1.000021333,1.000003923,,80,1.000021333,,,0.8,1.000000006
81,1.218700005,1.00002187,0.999980854,,81,1.00002187,,,0.81,1.000000007
82,1.224133338,1.000022413,0.999993541,,82,1.000022413,,,0.82,1.000000007
83,1.229633338,1.000022963,1.000007833,,83,1.000022963,,,0.83,1.000000006
84,1.235200005,1.000023521,0.999996609,,84,1.000023521,,,0.84,1.000000006
85,1.240833338,1.000024084,1.000020853,,85,1.000024084,,,0.85,1.000000007
86,1.246533338,1.000024652,1.000005278,,86,1.000024652,,,0.86,1.000000008
87,1.252300004,1.000025231,1.000012412,,87,1.000025231,,,0.87,1.000000006
88,1.258133338,1.000025815,0.999997439,,88,1.000025815,,,0.88,1.000000007
89,1.264033338,1.000026404,1.000005306,,89,1.000026404,,,0.89,1.000000007
90,1.270000004,1.000027,1.000005064,,90,1.000027,,,0.9,1.000000008
91,1.276033337,1.000027604,1.000011736,,91,1.000027604,,,0.91,1.000000008
92,1.282133337,1.000028214,1.000007013,,92,1.000028214,,,0.92,1.000000006
93,1.288300004,1.00002883,0.999998346,,93,1.00002883,,,0.93,1.000000007
94,1.294533337,1.000029455,1.000009688,,94,1.000029455,,,0.94,1.000000008
95,1.300833337,1.000030083,1.00001019,,95,1.000030083,,,0.95,1.000000008
96,1.307200004,1.00003072,1.0000172,,96,1.00003072,,,0.96,1.000000007
97,1.313633337,1.000031364,1.000002066,,97,1.000031364,,,0.97,1.000000007
98,1.320133337,1.000032014,1.000008842,,98,1.000032014,,,0.98,1.000000008
99,1.326700003,1.000032672,1.000009243,,99,1.000032672,,,0.99,1.000000006
100,1.333333337,1.000033331,0.999993023,,100,1.000033331,,,1,1.000000007
101,1.340033337,1.000034004,1.000007298,,101,1.000034004,,,2,1.000000014
102,1.346800003,1.000034678,1.000002004,,102,1.000034678,,,3,1.00000003
103,1.353633336,1.000035364,0.999984886,,103,1.000035364,,,4,1.000000053
104,1.360533336,1.000036053,1.000005705,,104,1.000036053,,,5,1.000000084
105,1.367500003,1.000036749,1.000003857,,105,1.000036749,,,6,1.00000012
106,1.374533336,1.000037453,1.000013222,,106,1.000037453,,,7,1.000000164
107,1.381633336,1.000038164,1.000006463,,107,1.000038164,,,8,1.000000215
108,1.388800003,1.00003888,1.00001282,,108,1.00003888,,,9,1.00000027
109,1.396033336,1.000039604,0.999985865,,109,1.000039604,,,10,1.000000333
110,1.403333336,1.000040334,1.000010665,,110,1.000040334,,,11,1.000000404
111,1.410700003,1.00004107,1.000003681,,111,1.00004107,,,12,1.000000479
112,1.418133336,1.000041811,0.999979352,,112,1.000041811,,,13,1.000000562
113,1.425633336,1.000042564,1.000008127,,113,1.000042564,,,14,1.000000655
114,1.433200003,1.00004332,1.00001498,,114,1.00004332,,,15,1.000000751
115,1.440833336,1.000044083,0.999977896,,115,1.000044083,,,16,1.000000852
116,1.448533336,1.000044854,1.000014467,,116,1.000044854,,,17,1.000000964
117,1.456300002,1.000045631,0.999999701,,117,1.000045631,,,18,1.000001081
118,1.464133336,1.000046414,0.999986359,,118,1.000046414,,,19,1.000001204
119,1.472033336,1.000047204,1.000004281,,119,1.000047204,,,20,1.000001334
120,1.480000002,1.000048,0.999979913,,120,1.000048,,,21,1.000001469
121,1.488033336,1.000048803,0.999986129,,121,1.000048803,,,22,1.000001614
122,1.496133336,1.000049612,0.999995895,,122,1.000049612,,,23,1.000001763
123,1.504300002,1.000050431,1.000022483,,123,1.000050431,,,24,1.000001921
124,1.512533336,1.000051254,1.000003528,,124,1.000051254,,,25,1.000002084
125,1.520833335,1.000052084,1.000000565,,125,1.000052084,,,26,1.000002254
126,1.529200002,1.000052919,1.000010694,,126,1.000052919,,,27,1.000002431
127,1.537633335,1.000053765,0.999983376,,127,1.000053765,,,28,1.000002614
128,1.546133335,1.000054614,1.000022245,,128,1.000054614,,,29,1.000002803
129,1.554700002,1.000055469,1.000005028,,129,1.000055469,,,30,1.000002998
130,1.563333335,1.000056334,0.99999276,,130,1.000056334,,,31,1.000003203
131,1.572033335,1.000057202,1.000013408,,131,1.000057202,,,32,1.000003413
132,1.580800002,1.00005808,0.999992475,,132,1.00005808,,,33,1.000003631
133,1.589633335,1.000058964,1.000010816,,133,1.000058964,,,34,1.000003853
134,1.598533335,1.000059854,0.999999096,,134,1.000059854,,,35,1.000004084
135,1.607500002,1.00006075,0.999986923,,135,1.00006075,,,36,1.000004321
136,1.616533335,1.000061653,1.000009756,,136,1.000061653,,,37,1.000004564
137,1.625633335,1.000062562,1.000011741,,137,1.000062562,,,38,1.000004814
138,1.634800002,1.000063481,1.000005297,,138,1.000063481,,,39,1.000005069
139,1.644033335,1.000064403,1.000001457,,139,1.000064403,,,40,1.000005332
140,1.653333335,1.000065334,1.000010533,,140,1.000065334,,,41,1.000005604
141,1.662700002,1.00006627,1.000002824,,141,1.00006627,,,42,1.000005882
142,1.672133335,1.000067211,1.000012308,,142,1.000067211,,,43,1.000006164
143,1.681633335,1.000068164,1.000015377,,143,1.000068164,,,44,1.000006452
144,1.691200002,1.000069119,0.999999508,,144,1.000069119,,,45,1.000006751
145,1.700833335,1.000070083,0.999983954,,145,1.000070083,,,46,1.000007052
146,1.710533335,1.000071052,1.000019626,,146,1.000071052,,,47,1.000007362
147,1.720300002,1.000072031,1.000025749,,147,1.000072031,,,48,1.000007679
148,1.730133335,1.000073015,0.999992532,,148,1.000073015,,,49,1.000008002
149,1.740033335,1.000074003,1.000011369,,149,1.000074003,,,50,1.000008332
150,1.750000001,1.000075,1.000000444,,150,1.000075,,,51,1.00000867
151,1.760033335,1.000076003,0.999998206,,151,1.000076003,,,52,1.000009014
152,1.770133335,1.000077013,1.000009581,,152,1.000077013,,,53,1.000009363
153,1.780300001,1.000078031,0.999990994,,153,1.000078031,,,54,1.00000972
154,1.790533335,1.000079053,0.999981932,,154,1.000079053,,,55,1.000010084
155,1.800833335,1.000080083,1.000003255,,155,1.000080083,,,56,1.000010454
156,1.811200001,1.000081119,1.000013737,,156,1.000081119,,,57,1.000010831
157,1.821633335,1.000082164,1.000003928,,157,1.000082164,,,58,1.000011214
158,1.832133335,1.000083214,1.000020099,,158,1.000083214,,,59,1.000011601
159,1.842700001,1.000084271,1.000001916,,159,1.000084271,,,60,1.000012
160,1.853333335,1.000085333,0.999992041,,160,1.000085333,,,61,1.000012403
161,1.864033335,1.000086402,1.000000065,,161,1.000086402,,,62,1.000012815
162,1.874800001,1.00008748,1.000014882,,162,1.00008748,,,63,1.000013229
163,1.885633335,1.000088565,1.000000516,,163,1.000088565,,,64,1.000013654
164,1.896533335,1.000089654,1.000009537,,164,1.000089654,,,65,1.000014084
165,1.907500001,1.000090749,0.999999718,,165,1.000090749,,,66,1.000014519
166,1.918533335,1.000091852,1.000025461,,166,1.000091852,,,67,1.000014963
167,1.929633335,1.000092964,0.999996778,,167,1.000092964,,,68,1.000015413
168,1.940800001,1.000094081,0.999994533,,168,1.000094081,,,69,1.000015869
169,1.952033334,1.000095204,1.000004789,,169,1.000095204,,,70,1.000016333
170,1.963333334,1.000096334,1.00000424,,170,1.000096334,,,71,1.000016804
171,1.974700001,1.00009747,0.999996159,,171,1.00009747,,,72,1.00001728
172,1.986133334,1.000098613,0.999992833,,172,1.000098613,,,73,1.000017763
173,1.997633334,1.000099762,1.000012552,,173,1.000099762,,,74,1.000018254
174,2.009200001,1.00010092,0.999997765,,174,1.00010092,,,75,1.000018749
175,2.020833334,1.000102084,0.99999866,,175,1.000102084,,,76,1.000019254
176,2.032533334,1.000103252,0.999998595,,176,1.000103252,,,77,1.000019764
177,2.044300001,1.00010443,0.999987174,,177,1.00010443,,,78,1.00002028
178,2.056133334,1.000105613,0.999996411,,178,1.000105613,,,79,1.000020803
179,2.068033334,1.000106803,1.000004916,,179,1.000106803,,,80,1.000021333
180,2.080000001,1.000108,1.000010941,,180,1.000108,,,81,1.00002187
181,2.092033334,1.000109205,0.999998051,,181,1.000109205,,,82,1.000022413
182,2.104133334,1.000110414,0.999984382,,182,1.000110414,,,83,1.000022963
183,2.116300001,1.00011163,1.000002848,,183,1.00011163,,,84,1.000023521
184,2.128533334,1.000112852,1.000006131,,184,1.000112852,,,85,1.000024084
185,2.140833334,1.000114083,0.999987739,,185,1.000114083,,,86,1.000024652
186,2.153200001,1.000115319,0.999998363,,186,1.000115319,,,87,1.000025231
187,2.165633334,1.000116562,1.000012195,,187,1.000116562,,,88,1.000025815
188,2.178133334,1.000117812,1.000011953,,188,1.000117812,,,89,1.000026404
189,2.190700001,1.000119069,0.999985223,,189,1.000119069,,,90,1.000027
190,2.203333334,1.000120333,1.000003272,,190,1.000120333,,,91,1.000027604
191,2.216033334,1.000121605,0.999983848,,191,1.000121605,,,92,1.000028214
192,2.228800001,1.000122878,0.999999722,,192,1.000122878,,,93,1.00002883
193,2.241633334,1.000124163,1.000019611,,193,1.000124163,,,94,1.000029455
194,2.254533334,1.000125453,0.999993164,,194,1.000125453,,,95,1.000030083
195,2.267500001,1.00012675,0.999993477,,195,1.00012675,,,96,1.00003072
196,2.280533334,1.000128054,1.000020479,,196,1.000128054,,,97,1.000031364
197,2.293633334,1.000129364,1.000005192,,197,1.000129364,,,98,1.000032014
198,2.306800001,1.000130681,0.999990886,,198,1.000130681,,,99,1.000032672
199,2.320033334,1.000132004,1.000006955,,199,1.000132004,,,100,1.000033331
200,2.333333334,1.000133334,1.000000127,,200,1.000133334,,,101,1.000034004
201,2.346700001,1.000134671,1.000001298,,201,1.000134671,,,102,1.000034678
202,2.360133334,1.000136014,1.000011414,,202,1.000136014,,,103,1.000035364
203,2.373633334,1.000137363,1.000008534,,203,1.000137363,,,104,1.000036053
204,2.387200001,1.000138719,0.99999105,,204,1.000138719,,,105,1.000036749
205,2.400833334,1.000140083,1.000020824,,205,1.000140083,,,106,1.000037453
206,2.414533334,1.000141454,0.999983999,,206,1.000141454,,,107,1.000038164
207,2.428300001,1.000142831,1.000011221,,207,1.000142831,,,108,1.00003888
208,2.442133334,1.000144214,0.999983768,,208,1.000144214,,,109,1.000039604
209,2.456033334,1.000145603,0.999998402,,209,1.000145603,,,110,1.000040334
210,2.470000001,1.000147002,0.999995362,,210,1.000147002,,,111,1.00004107
211,2.484033334,1.000148403,0.999993256,,211,1.000148403,,,112,1.000041811
212,2.498133334,1.000149811,1.000001797,,212,1.000149811,,,113,1.000042564
213,2.512300001,1.000151231,0.999988379,,213,1.000151231,,,114,1.00004332
214,2.526533334,1.000152654,0.999987676,,214,1.000152654,,,115,1.000044083
215,2.540833334,1.000154082,1.000003726,,215,1.000154082,,,116,1.000044854
216,2.555200001,1.00015552,0.999990974,,216,1.00015552,,,117,1.000045631
217,2.569633334,1.000156964,1.000005811,,217,1.000156964,,,118,1.000046414
218,2.584133334,1.000158414,1.000010433,,218,1.000158414,,,119,1.000047204
219,2.598700001,1.00015987,1.000005511,,219,1.00015987,,,120,1.000048
220,2.613333334,1.000161334,0.999996343,,220,1.000161334,,,121,1.000048803
221,2.628033334,1.000162806,1.000010544,,221,1.000162806,,,122,1.000049612
222,2.642800001,1.00016428,1.000009017,,222,1.00016428,,,123,1.000050431
223,2.657633334,1.000165761,0.999994366,,223,1.000165761,,,124,1.000051254
224,2.672533334,1.000167254,0.999987091,,224,1.000167254,,,125,1.000052084
225,2.687500001,1.000168751,1.000009829,,225,1.000168751,,,126,1.000052919
226,2.702533334,1.000170254,1.000004546,,226,1.000170254,,,127,1.000053765
227,2.717633334,1.000171762,0.999998901,,227,1.000171762,,,128,1.000054614
228,2.732800001,1.00017328,0.999983266,,228,1.00017328,,,129,1.000055469
229,2.748033334,1.000174804,1.000003725,,229,1.000174804,,,130,1.000056334
230,2.763333334,1.000176334,1.000010308,,230,1.000176334,,,131,1.000057202
231,2.778700001,1.000177871,1.000007948,,231,1.000177871,,,132,1.00005808
232,2.794133334,1.000179412,0.999977881,,232,1.000179412,,,133,1.000058964
233,2.809633334,1.000180963,0.999992207,,233,1.000180963,,,134,1.000059854
234,2.825200001,1.000182519,1.000009962,,234,1.000182519,,,135,1.00006075
235,2.840833334,1.000184085,1.000009258,,235,1.000184085,,,136,1.000061653
236,2.856533334,1.000185654,1.000007734,,236,1.000185654,,,137,1.000062562
237,2.872300001,1.000187231,0.999994257,,237,1.000187231,,,138,1.000063481
238,2.888133334,1.000188813,1.000002535,,238,1.000188813,,,139,1.000064403
239,2.904033334,1.000190404,1.000016686,,239,1.000190404,,,140,1.000065334
240,2.920000001,1.000192001,1.000000825,,240,1.000192001,,,141,1.00006627
241,2.936033334,1.000193601,1.000006232,,241,1.000193601,,,142,1.000067211
242,2.952133334,1.000195215,0.999990202,,242,1.000195215,,,143,1.000068164
243,2.968300001,1.00019683,0.999996146,,243,1.00019683,,,144,1.000069119
244,2.984533334,1.000198453,0.999999861,,244,1.000198453,,,145,1.000070083
245,3.000833334,1.000200083,1.000007182,,245,1.000200083,,,146,1.000071052
246,3.017200001,1.000201721,1.000000605,,246,1.000201721,,,147,1.000072031
247,3.033633334,1.000203362,0.999983079,,247,1.000203362,,,148,1.000073014
248,3.050133334,1.000205013,0.999998827,,248,1.000205013,,,149,1.000074004
249,3.066700001,1.000206669,1.00001103,,249,1.000206669,,,150,1.000075
250,3.083333334,1.000208333,0.999998817,,250,1.000208333,,,151,1.000076003
251,3.100033334,1.000210002,1.000001906,,251,1.000210002,,,152,1.000077013
252,3.116800001,1.00021168,0.999997114,,252,1.00021168,,,153,1.000078031
253,3.133633334,1.000213365,0.999993278,,253,1.000213365,,,154,1.000079053
254,3.150533334,1.000215053,0.999987341,,254,1.000215053,,,155,1.000080083
255,3.167500001,1.00021675,1.000003277,,255,1.00021675,,,156,1.000081119
256,3.184533334,1.000218454,0.999992825,,256,1.000218454,,,157,1.000082164
257,3.201633334,1.000220164,1.000004469,,257,1.000220164,,,158,1.000083214
258,3.2188,1.000221881,1.000002771,,258,1.000221881,,,159,1.000084271
259,3.236033334,1.000223603,1.00001345,,259,1.000223603,,,160,1.000085333
260,3.253333334,1.000225334,0.999996441,,260,1.000225334,,,161,1.000086402
261,3.2707,1.000227072,0.999999298,,261,1.000227072,,,162,1.00008748
262,3.288133334,1.000228812,1.000005087,,262,1.000228812,,,163,1.000088565
263,3.305633334,1.000230565,0.999998013,,263,1.000230565,,,164,1.000089654
264,3.3232,1.000232321,1.00000055,,264,1.000232321,,,165,1.000090749
265,3.340833334,1.000234083,0.999990083,,265,1.000234083,,,166,1.000091852
266,3.358533334,1.000235851,1.000002154,,266,1.000235851,,,167,1.000092964
267,3.3763,1.000237631,0.999979695,,267,1.000237631,,,168,1.000094081
268,3.394133334,1.000239413,1.000008529,,268,1.000239413,,,169,1.000095204
269,3.412033334,1.000241203,0.999998067,,269,1.000241203,,,170,1.000096334
270,3.43,1.000243,1.000018063,,270,1.000243,,,171,1.00009747
271,3.448033334,1.000244801,0.999993877,,271,1.000244801,,,172,1.000098613
272,3.466133334,1.000246615,0.999988322,,272,1.000246615,,,173,1.000099762
273,3.4843,1.000248432,1.000003176,,273,1.000248432,,,174,1.00010092
274,3.502533334,1.000250254,1.000002758,,274,1.000250254,,,175,1.000102084
275,3.520833334,1.000252082,0.999996355,,275,1.000252082,,,176,1.000103252
276,3.5392,1.000253921,1.00000782,,276,1.000253921,,,177,1.00010443
277,3.557633334,1.000255764,1.00000667,,277,1.000255764,,,178,1.000105613
278,3.576133334,1.000257613,1.000025321,,278,1.000257613,,,179,1.000106803
279,3.5947,1.000259471,1.000012471,,279,1.000259471,,,180,1.000108
280,3.613333334,1.000261333,1.00001129,,280,1.000261333,,,181,1.000109205
281,3.632033334,1.000263204,0.99999637,,281,1.000263204,,,182,1.000110414
282,3.6508,1.000265078,1.000000125,,282,1.000265078,,,183,1.00011163
283,3.669633334,1.000266963,0.999996456,,283,1.000266963,,,184,1.000112852
284,3.688533334,1.000268854,0.999990955,,284,1.000268854,,,185,1.000114083
285,3.7075,1.00027075,1.000004922,,285,1.00027075,,,186,1.000115319
286,3.726533334,1.000272654,0.999998742,,286,1.000272654,,,187,1.000116562
287,3.745633334,1.000274565,0.999986206,,287,1.000274565,,,188,1.000117812
288,3.7648,1.000276479,0.999991737,,288,1.000276479,,,189,1.000119069
289,3.784033334,1.000278403,1.000005428,,289,1.000278403,,,190,1.000120333
290,3.803333334,1.000280332,0.999986731,,290,1.000280332,,,191,1.000121605
291,3.8227,1.000282268,1.000012095,,291,1.000282268,,,192,1.000122878
292,3.842133334,1.000284213,1.000006641,,292,1.000284213,,,193,1.000124163
293,3.861633334,1.000286164,1.000018371,,293,1.000286164,,,194,1.000125453
294,3.8812,1.00028812,0.99999923,,294,1.00028812,,,195,1.00012675
295,3.900833334,1.000290083,1.00000485,,295,1.000290083,,,196,1.000128054
296,3.920533334,1.000292052,0.999988556,,296,1.000292052,,,197,1.000129364
297,3.9403,1.000294031,0.999998472,,297,1.000294031,,,198,1.000130681
298,3.960133334,1.000296014,1.000000278,,298,1.000296014,,,199,1.000132004
299,3.980033334,1.000298003,0.999985154,,299,1.000298003,,,200,1.000133334
300,4,1.000300001,1.000011038,,300,1.000300001,,,201,1.000134671
301,4.020033334,1.000302004,1.000003918,,301,1.000302004,,,202,1.000136014
302,4.040133334,1.000304014,0.999996636,,302,1.000304014,,,203,1.000137363
303,4.0603,1.000306032,0.999995728,,303,1.000306032,,,204,1.000138719
304,4.080533334,1.000308053,1.000001918,,304,1.000308053,,,205,1.000140083
305,4.100833334,1.000310084,0.999985291,,305,1.000310084,,,206,1.000141454
306,4.1212,1.000312119,0.999990728,,306,1.000312119,,,207,1.000142831
307,4.141633334,1.000314163,0.999982875,,307,1.000314163,,,208,1.000144214
308,4.162133334,1.000316212,1.000010547,,308,1.000316212,,,209,1.000145603
309,4.1827,1.00031827,1.000014694,,309,1.00031827,,,210,1.000147002
310,4.203333334,1.000320334,1.000011178,,310,1.000320334,,,211,1.000148403
311,4.224033334,1.000322403,1.000012857,,311,1.000322403,,,212,1.000149811
312,4.2448,1.000324482,1.00000727,,312,1.000324482,,,213,1.000151231
313,4.265633334,1.000326565,1.000000336,,313,1.000326565,,,214,1.000152654
314,4.286533334,1.000328654,1.000007796,,314,1.000328654,,,215,1.000154082
315,4.3075,1.00033075,0.99999361,,315,1.00033075,,,216,1.00015552
316,4.328533334,1.000332853,0.999998841,,316,1.000332853,,,217,1.000156964
317,4.349633334,1.000334965,0.999981198,,317,1.000334965,,,218,1.000158414
318,4.3708,1.000337081,0.999998507,,318,1.000337081,,,219,1.00015987
319,4.392033334,1.000339203,0.999983275,,319,1.000339203,,,220,1.000161334
320,4.413333334,1.000341333,0.999977257,,320,1.000341333,,,221,1.000162806
321,4.4347,1.000343469,0.999981057,,321,1.000343469,,,222,1.00016428
322,4.456133334,1.000345615,1.000004979,,322,1.000345615,,,223,1.000165761
323,4.477633334,1.000347763,1.000007665,,323,1.000347763,,,224,1.000167254
324,4.4992,1.00034992,0.999993171,,324,1.00034992,,,225,1.000168751
325,4.520833334,1.000352082,1.000008119,,325,1.000352082,,,226,1.000170254
326,4.542533334,1.000354252,1.000005352,,326,1.000354252,,,227,1.000171762
327,4.5643,1.000356431,0.999993102,,327,1.000356431,,,228,1.00017328
328,4.586133334,1.000358614,1.000006305,,328,1.000358614,,,229,1.000174804
329,4.608033334,1.000360803,1.000011562,,329,1.000360803,,,230,1.000176334
330,4.63,1.000362999,0.999985896,,330,1.000362999,,,231,1.000177871
331,4.652033334,1.000365203,1.000012904,,331,1.000365203,,,232,1.000179412
332,4.674133334,1.000367411,1.000005209,,332,1.000367411,,,233,1.000180963
333,4.6963,1.00036963,1.000015077,,333,1.00036963,,,234,1.000182519
334,4.718533334,1.000371853,0.999989707,,334,1.000371853,,,235,1.000184085
335,4.740833334,1.000374083,0.999996502,,335,1.000374083,,,236,1.000185654
336,4.7632,1.00037632,0.99999861,,336,1.00037632,,,237,1.000187231
337,4.785633334,1.000378564,0.999992578,,337,1.000378564,,,238,1.000188813
338,4.808133334,1.000380813,0.999997964,,338,1.000380813,,,239,1.000190404
339,4.8307,1.000383069,0.999987614,,339,1.000383069,,,240,1.000192001
340,4.853333334,1.000385335,0.999990907,,340,1.000385335,,,241,1.000193601
341,4.876033334,1.000387603,1.000000005,,341,1.000387603,,,242,1.000195215
342,4.8988,1.000389878,1.000000583,,342,1.000389878,,,243,1.00019683
343,4.921633334,1.000392164,1.000000873,,343,1.000392164,,,244,1.000198453
344,4.944533334,1.000394452,1.00000343,,344,1.000394452,,,245,1.000200083
345,4.9675,1.000396749,0.999992666,,345,1.000396749,,,246,1.000201721
346,4.990533334,1.000399054,1.000008592,,346,1.000399054,,,247,1.000203362
347,5.013633334,1.000401364,1.000013424,,347,1.000401364,,,248,1.000205013
348,5.0368,1.000403681,0.999991453,,348,1.000403681,,,249,1.000206669
349,5.060033334,1.000406003,1.000007323,,349,1.000406003,,,250,1.000208333
350,5.083333334,1.000408332,0.999996303,,350,1.000408332,,,251,1.000210002
351,5.1067,1.000410668,1.00000096,,351,1.000410668,,,252,1.00021168
352,5.130133334,1.000413014,1.000014596,,352,1.000413014,,,253,1.000213365
353,5.153633334,1.000415361,0.999990984,,353,1.000415361,,,254,1.000215053
354,5.1772,1.000417719,1.000012341,,354,1.000417719,,,255,1.00021675
355,5.200833333,1.000420085,1.000015437,,355,1.000420085,,,256,1.000218454
356,5.224533334,1.000422452,1.000010578,,356,1.000422452,,,257,1.000220164
357,5.2483,1.000424829,1.000000559,,357,1.000424829,,,258,1.000221881
358,5.272133334,1.000427211,1.000009892,,358,1.000427211,,,259,1.000223603
359,5.296033334,1.000429604,1.000000791,,359,1.000429604,,,260,1.000225334
360,5.32,1.000432,1.000001253,,360,1.000432,,,261,1.000227072
361,5.344033334,1.000434403,0.999991515,,361,1.000434403,,,262,1.000228812
362,5.368133334,1.000436814,0.999999452,,362,1.000436814,,,263,1.000230565
363,5.3923,1.000439229,0.999998724,,363,1.000439229,,,264,1.000232321
364,5.416533334,1.000441653,1.000001017,,364,1.000441653,,,265,1.000234083
365,5.440833334,1.000444083,0.999989812,,365,1.000444083,,,266,1.000235851
366,5.4652,1.00044652,1.000004428,,366,1.00044652,,,267,1.000237631
367,5.489633334,1.000448963,1.000024532,,367,1.000448963,,,268,1.000239413
368,5.514133334,1.000451412,1.000006092,,368,1.000451412,,,269,1.000241203
369,5.5387,1.000453871,0.999984491,,369,1.000453871,,,270,1.000243
370,5.563333334,1.000456333,0.999995236,,370,1.000456333,,,271,1.000244801
371,5.588033334,1.000458804,0.999995105,,371,1.000458804,,,272,1.000246615
372,5.6128,1.000461282,0.999991848,,372,1.000461282,,,273,1.000248432
373,5.637633334,1.000463762,0.999988937,,373,1.000463762,,,274,1.000250254
374,5.662533334,1.000466253,1.00001072,,374,1.000466253,,,275,1.000252082
375,5.6875,1.00046875,0.999999619,,375,1.00046875,,,276,1.000253921
376,5.712533334,1.000471255,0.999989582,,376,1.000471255,,,277,1.000255764
377,5.737633334,1.000473762,0.99998997,,377,1.000473762,,,278,1.000257613
378,5.7628,1.000476281,1.00001112,,378,1.000476281,,,279,1.000259471
379,5.788033334,1.000478802,0.999997555,,379,1.000478802,,,280,1.000261333
380,5.813333334,1.000481335,0.999997605,,380,1.000481335,,,281,1.000263204
381,5.8387,1.000483869,0.999993941,,381,1.000483869,,,282,1.000265078
382,5.864133333,1.000486414,0.999981606,,382,1.000486414,,,283,1.000266963
383,5.889633333,1.000488962,1.000009624,,383,1.000488962,,,284,1.000268854
384,5.9152,1.00049152,0.999993501,,384,1.00049152,,,285,1.00027075
385,5.940833334,1.000494083,1.00000689,,385,1.000494083,,,286,1.000272654
386,5.966533334,1.000496654,1.000011643,,386,1.000496654,,,287,1.000274565
387,5.9923,1.00049923,1.000010436,,387,1.00049923,,,288,1.000276479
388,6.018133333,1.000501814,0.99999507,,388,1.000501814,,,289,1.000278403
389,6.044033334,1.000504404,0.999995612,,389,1.000504404,,,290,1.000280332
390,6.07,1.000507,1.000005367,,390,1.000507,,,291,1.000282268
391,6.096033334,1.000509603,0.99998793,,391,1.000509603,,,292,1.000284213
392,6.122133334,1.000512213,0.999990129,,392,1.000512213,,,293,1.000286164
393,6.1483,1.00051483,1.00000608,,393,1.00051483,,,294,1.00028812
394,6.174533334,1.000517453,1.000002381,,394,1.000517453,,,295,1.000290083
395,6.200833333,1.000520083,0.999997657,,395,1.000520083,,,296,1.000292052
396,6.2272,1.000522721,1.000012603,,396,1.000522721,,,297,1.000294031
397,6.253633334,1.000525363,1.000010127,,397,1.000525363,,,298,1.000296014
398,6.280133333,1.000528014,0.999980526,,398,1.000528014,,,299,1.000298003
399,6.3067,1.000530669,0.999997212,,399,1.000530669,,,300,1.000300001
400,6.333333334,1.000533334,0.999994887,,400,1.000533334,,,301,1.000302004
401,6.360033334,1.000536004,0.999988238,,401,1.000536004,,,302,1.000304014
402,6.3868,1.000538681,1.000001777,,402,1.000538681,,,303,1.000306032
403,6.413633334,1.000541363,0.999995286,,403,1.000541363,,,304,1.000308053
404,6.440533333,1.000544054,1.000007273,,404,1.000544054,,,305,1.000310084
405,6.4675,1.000546751,1.000000402,,405,1.000546751,,,306,1.000312119
406,6.494533334,1.000549454,0.999982545,,406,1.000549454,,,307,1.000314163
407,6.521633334,1.000552164,1.000007349,,407,1.000552164,,,308,1.000316212
408,6.5488,1.000554879,1.000013209,,408,1.000554879,,,309,1.00031827
409,6.576033333,1.000557604,0.999999434,,409,1.000557604,,,310,1.000320334
410,6.603333333,1.000560334,0.999994591,,410,1.000560334,,,311,1.000322403
411,6.6307,1.000563069,1.000008743,,411,1.000563069,,,312,1.000324482
412,6.658133334,1.000565813,1.000002363,,412,1.000565813,,,313,1.000326565
413,6.685633334,1.000568565,1.000018464,,413,1.000568565,,,314,1.000328654
414,6.7132,1.00057132,0.999995322,,414,1.00057132,,,315,1.00033075
415,6.740833334,1.000574083,1.000009471,,415,1.000574083,,,316,1.000332853
416,6.768533334,1.000576854,1.000012252,,416,1.000576854,,,317,1.000334965
417,6.7963,1.000579629,1.000022169,,417,1.000579629,,,318,1.000337081
418,6.824133333,1.000582415,1.00000501,,418,1.000582415,,,319,1.000339203
419,6.852033333,1.000585204,1.000007605,,419,1.000585204,,,320,1.000341333
420,6.88,1.000588,1.000007186,,420,1.000588,,,321,1.000343469
421,6.908033334,1.000590804,0.999981676,,421,1.000590804,,,322,1.000345615
422,6.936133334,1.000593613,1.000001725,,422,1.000593613,,,323,1.000347763
423,6.9643,1.00059643,0.999992419,,423,1.00059643,,,324,1.00034992
424,6.992533334,1.000599251,0.999989264,,424,1.000599251,,,325,1.000352082
425,7.020833334,1.000602084,0.999996074,,425,1.000602084,,,326,1.000354252
426,7.0492,1.00060492,0.999991706,,426,1.00060492,,,327,1.000356431
427,7.077633334,1.000607762,1.00000923,,427,1.000607762,,,328,1.000358614
428,7.106133334,1.000610612,1.000003682,,428,1.000610612,,,329,1.000360803
429,7.1347,1.000613471,0.99998894,,429,1.000613471,,,330,1.000362999
430,7.163333333,1.000616333,1.000001199,,430,1.000616333,,,331,1.000365203
431,7.192033334,1.000619203,0.999990748,,431,1.000619203,,,332,1.000367411
432,7.2208,1.000622079,0.999995405,,432,1.000622079,,,333,1.00036963
433,7.249633333,1.000624963,1.000002916,,433,1.000624963,,,334,1.000371853
434,7.278533334,1.000627852,0.999992135,,434,1.000627852,,,335,1.000374083
435,7.3075,1.000630751,0.999991508,,435,1.000630751,,,336,1.00037632
436,7.336533334,1.000633655,0.999981272,,436,1.000633655,,,337,1.000378564
437,7.365633334,1.000636561,0.999997501,,437,1.000636561,,,338,1.000380813
438,7.3948,1.00063948,1.000011301,,438,1.00063948,,,339,1.000383069
439,7.424033334,1.000642404,0.999996089,,439,1.000642404,,,340,1.000385335
440,7.453333334,1.000645334,1.000015456,,440,1.000645334,,,341,1.000387603
441,7.4827,1.000648269,0.999996921,,441,1.000648269,,,342,1.000389878
442,7.512133333,1.000651214,1.000013206,,442,1.000651214,,,343,1.000392164
443,7.541633334,1.000654161,1.0000064,,443,1.000654161,,,344,1.000394452
444,7.5712,1.000657118,0.99999882,,444,1.000657118,,,345,1.000396749
445,7.600833333,1.000660083,0.999997527,,445,1.000660083,,,346,1.000399054
446,7.630533333,1.000663053,0.999997895,,446,1.000663053,,,347,1.000401364
447,7.6603,1.000666029,0.999997973,,447,1.000666029,,,348,1.000403681
448,7.690133334,1.000669014,1.00000434,,448,1.000669014,,,349,1.000406003
449,7.720033334,1.000672004,0.99999064,,449,1.000672004,,,350,1.000408332
450,7.75,1.000675001,0.999992505,,450,1.000675001,,,351,1.000410668
451,7.780033334,1.000678003,0.999997315,,451,1.000678003,,,352,1.000413014
452,7.810133334,1.000681013,0.99999532,,452,1.000681013,,,353,1.000415361
453,7.8403,1.000684032,1.000001389,,453,1.000684032,,,354,1.000417719
454,7.870533334,1.000687052,0.99999876,,454,1.000687052,,,355,1.000420085
455,7.900833334,1.000690084,1.00002213,,455,1.000690084,,,356,1.000422452
456,7.9312,1.000693121,0.999995893,,456,1.000693121,,,357,1.000424829
457,7.961633333,1.000696163,0.999995775,,457,1.000696163,,,358,1.000427211
458,7.992133333,1.000699215,1.000006638,,458,1.000699215,,,359,1.000429604
459,8.0227,1.000702271,0.999998895,,459,1.000702271,,,360,1.000432
460,8.053333334,1.000705333,0.999995555,,460,1.000705333,,,361,1.000434403
461,8.084033333,1.000708404,0.999992805,,461,1.000708404,,,362,1.000436814
462,8.1148,1.00071148,0.999994009,,462,1.00071148,,,363,1.000439229
463,8.145633333,1.000714566,1.00000067,,463,1.000714566,,,364,1.000441653
464,8.176533334,1.000717653,1.00000678,,464,1.000717653,,,365,1.000444083
465,8.2075,1.00072075,1.000002759,,465,1.00072075,,,366,1.00044652
466,8.238533333,1.000723852,1.000009062,,466,1.000723852,,,367,1.000448963
467,8.269633334,1.000726963,0.99998616,,467,1.000726963,,,368,1.000451412
468,8.3008,1.000730079,1.00001834,,468,1.000730079,,,369,1.000453871
469,8.332033334,1.000733203,1.000013117,,469,1.000733203,,,370,1.000456333
470,8.363333334,1.000736333,1.000005875,,470,1.000736333,,,371,1.000458804
471,8.3947,1.000739469,0.999995113,,471,1.000739469,,,372,1.000461282
472,8.426133334,1.000742613,1.00000453,,472,1.000742613,,,373,1.000463761
473,8.457633334,1.000745762,1.000015415,,473,1.000745762,,,374,1.000466253
474,8.4892,1.00074892,0.999998632,,474,1.00074892,,,375,1.000468749
475,8.520833333,1.000752084,0.999982625,,475,1.000752084,,,376,1.000471255
476,8.552533333,1.000755253,0.999995722,,476,1.000755253,,,377,1.000473762
477,8.5843,1.000758432,0.999992266,,477,1.000758432,,,378,1.000476281
478,8.616133334,1.000761615,1.000004397,,478,1.000761615,,,379,1.000478802
479,8.648033334,1.000764803,0.999985649,,479,1.000764803,,,380,1.000481335
480,8.68,1.000768001,0.99999186,,480,1.000768001,,,381,1.000483869
481,8.712033334,1.000771204,1.000003267,,481,1.000771204,,,382,1.000486414
482,8.744133333,1.000774413,0.99999491,,482,1.000774413,,,383,1.000488962
483,8.7763,1.00077763,0.999997186,,483,1.00077763,,,384,1.00049152
484,8.808533334,1.000780854,1.000005831,,484,1.000780854,,,385,1.000494083
485,8.840833333,1.000784085,1.00001553,,485,1.000784085,,,386,1.000496654
486,8.8732,1.000787321,1.000001079,,486,1.000787321,,,387,1.00049923
487,8.905633333,1.000790565,0.999988735,,487,1.000790565,,,388,1.000501814
488,8.938133333,1.000793813,1.000010515,,488,1.000793813,,,389,1.000504404
489,8.9707,1.000797071,0.999988745,,489,1.000797071,,,390,1.000507
490,9.003333334,1.000800332,1.000002843,,490,1.000800332,,,391,1.000509603
491,9.036033333,1.000803602,1.000010847,,491,1.000803602,,,392,1.000512213
492,9.0688,1.00080688,0.99998942,,492,1.00080688,,,393,1.00051483
493,9.101633334,1.000810164,1.000005605,,493,1.000810164,,,394,1.000517453
494,9.134533334,1.000813453,0.999982537,,494,1.000813453,,,395,1.000520083
495,9.1675,1.00081675,1.000000446,,495,1.00081675,,,396,1.000522721
496,9.200533333,1.000820052,1.000011242,,496,1.000820052,,,397,1.000525363
497,9.233633333,1.000823363,1.000007417,,497,1.000823363,,,398,1.000528014
498,9.2668,1.000826679,0.999992216,,498,1.000826679,,,399,1.000530669
499,9.300033334,1.000830004,1.000009793,,499,1.000830004,,,400,1.000533334
500,9.333333333,1.000833334,1.000013922,,500,1.000833334,,,401,1.000536004
501,9.3667,1.000836669,0.999990847,,501,1.000836669,,,402,1.000538681
502,9.400133334,1.000840013,1.000000099,,502,1.000840013,,,403,1.000541363
503,9.433633333,1.000843362,1.000001463,,503,1.000843362,,,404,1.000544054
504,9.4672,1.000846722,0.99999031,,504,1.000846722,,,405,1.000546751
505,9.500833333,1.000850081,0.999997401,,505,1.000850081,,,406,1.000549454
506,9.534533334,1.000853453,0.999999846,,506,1.000853453,,,407,1.000552164
507,9.5683,1.000856829,1.000003084,,507,1.000856829,,,408,1.000554879
508,9.602133334,1.000860212,0.999988041,,508,1.000860212,,,409,1.000557604
509,9.636033334,1.000863604,0.999994607,,509,1.000863604,,,410,1.000560334
510,9.67,1.000867,0.999999203,,510,1.000867,,,411,1.000563069
511,9.704033334,1.000870405,1.000007957,,511,1.000870405,,,412,1.000565813
512,9.738133334,1.000873815,0.999994166,,512,1.000873815,,,413,1.000568565
513,9.7723,1.000877232,1.000012288,,513,1.000877232,,,414,1.00057132
514,9.806533334,1.000880651,0.999999667,,514,1.000880651,,,415,1.000574083
515,9.840833333,1.000884084,0.999993067,,515,1.000884084,,,416,1.000576854
516,9.8752,1.00088752,0.999987293,,516,1.00088752,,,417,1.000579629
517,9.909633334,1.000890963,0.999994481,,517,1.000890963,,,418,1.000582415
518,9.944133333,1.000894413,1.000004928,,518,1.000894413,,,419,1.000585204
519,9.9787,1.000897871,1.000008813,,519,1.000897871,,,420,1.000588
520,10.01333333,1.000901334,0.999998386,,520,1.000901334,,,421,1.000590804
521,10.04803333,1.000904804,1.000003716,,521,1.000904804,,,422,1.000593613
522,10.0828,1.000908279,1.000004107,,522,1.000908279,,,423,1.00059643
523,10.11763333,1.000911761,0.99999091,,523,1.000911761,,,424,1.000599251
524,10.15253333,1.000915256,1.000007869,,524,1.000915256,,,425,1.000602084
525,10.1875,1.000918748,0.999998761,,525,1.000918748,,,426,1.00060492
526,10.22253333,1.000922254,0.999998909,,526,1.000922254,,,427,1.000607762
527,10.25763333,1.000925762,1.000005068,,527,1.000925762,,,428,1.000610612
528,10.2928,1.000929281,0.999997639,,528,1.000929281,,,429,1.000613471
529,10.32803333,1.000932803,1.000005639,,529,1.000932803,,,430,1.000616333
530,10.36333333,1.000936332,0.999991852,,530,1.000936332,,,431,1.000619203
531,10.3987,1.00093987,0.999991421,,531,1.00093987,,,432,1.000622079
532,10.43413333,1.000943414,1.00000597,,532,1.000943414,,,433,1.000624963
533,10.46963333,1.000946963,1.000006362,,533,1.000946963,,,434,1.000627852
534,10.5052,1.00095052,0.999989144,,534,1.00095052,,,435,1.000630751
535,10.54083333,1.000954081,0.999993965,,535,1.000954081,,,436,1.000633655
536,10.57653333,1.000957653,1.000018511,,536,1.000957653,,,437,1.000636561
537,10.6123,1.000961229,1.000002681,,537,1.000961229,,,438,1.00063948
538,10.64813333,1.000964813,1.000004505,,538,1.000964813,,,439,1.000642404
539,10.68403333,1.000968402,1.000008725,,539,1.000968402,,,440,1.000645334
540,10.72,1.000972,0.999994885,,540,1.000972,,,441,1.000648269
541,10.75603333,1.000975603,1.000001134,,541,1.000975603,,,442,1.000651214
542,10.79213333,1.000979213,1.000014646,,542,1.000979213,,,443,1.000654161
543,10.8283,1.00098283,0.999998776,,543,1.00098283,,,444,1.000657118
544,10.86453333,1.000986455,0.999988098,,544,1.000986455,,,445,1.000660083
545,10.90083333,1.000990083,0.99999925,,545,1.000990083,,,446,1.000663053
546,10.9372,1.00099372,0.999998834,,546,1.00099372,,,447,1.000666029
547,10.97363333,1.000997365,0.999992977,,547,1.000997365,,,448,1.000669014
548,11.01013333,1.001001014,0.999992431,,548,1.001001014,,,449,1.000672004
549,11.0467,1.001004669,1.000003447,,549,1.001004669,,,450,1.000675001
550,11.08333333,1.001008335,1.000006138,,550,1.001008335,,,451,1.000678003
551,11.12003333,1.001012003,0.999999815,,551,1.001012003,,,452,1.000681013
552,11.1568,1.001015679,0.999980783,,552,1.001015679,,,453,1.000684032
553,11.19363333,1.001019363,1.000001758,,553,1.001019363,,,454,1.000687052
554,11.23053333,1.001023054,0.999987948,,554,1.001023054,,,455,1.000690084
555,11.2675,1.00102675,0.999994381,,555,1.00102675,,,456,1.000693121
556,11.30453333,1.001030453,0.999979215,,556,1.001030453,,,457,1.000696163
557,11.34163333,1.001034164,1.000007301,,557,1.001034164,,,458,1.000699215
558,11.3788,1.00103788,0.999994024,,558,1.00103788,,,459,1.000702271
559,11.41603333,1.001041603,1.00000667,,559,1.001041603,,,460,1.000705333
560,11.45333333,1.001045333,1.000014598,,560,1.001045333,,,461,1.000708404
561,11.4907,1.001049069,1.000010301,,561,1.001049069,,,462,1.00071148
562,11.52813333,1.001052814,1.000008467,,562,1.001052814,,,463,1.000714566
563,11.56563333,1.001056563,0.999979148,,563,1.001056563,,,464,1.000717653
564,11.6032,1.00106032,1.000011136,,564,1.00106032,,,465,1.00072075
565,11.64083333,1.001064083,0.999993805,,565,1.001064083,,,466,1.000723852
566,11.67853333,1.001067853,1.000001945,,566,1.001067853,,,467,1.000726963
567,11.7163,1.001071629,0.999997411,,567,1.001071629,,,468,1.000730079
568,11.75413333,1.001075412,0.999997205,,568,1.001075412,,,469,1.000733203
569,11.79203333,1.001079204,1.000006521,,569,1.001079204,,,470,1.000736333
570,11.83,1.001083001,1.000003404,,570,1.001083001,,,471,1.000739469
571,11.86803333,1.001086804,0.999990288,,571,1.001086804,,,472,1.000742613
572,11.90613333,1.001090614,0.999996758,,572,1.001090614,,,473,1.000745762
573,11.9443,1.001094431,1.000006985,,573,1.001094431,,,474,1.00074892
574,11.98253333,1.001098255,1.000009647,,574,1.001098255,,,475,1.000752084
575,12.02083333,1.001102082,1.000000808,,575,1.001102082,,,476,1.000755253
576,12.0592,1.001105921,0.999999661,,576,1.001105921,,,477,1.000758432
577,12.09763333,1.001109762,0.99999107,,577,1.001109762,,,478,1.000761615
578,12.13613333,1.001113613,1.000010177,,578,1.001113613,,,479,1.000764803
579,12.1747,1.00111747,0.999995136,,579,1.00111747,,,480,1.000768001
580,12.21333333,1.001121334,1.000000976,,580,1.001121334,,,481,1.000771204
581,12.25203333,1.001125205,1.000014059,,581,1.001125205,,,482,1.000774413
582,12.2908,1.00112908,0.999996239,,582,1.00112908,,,483,1.00077763
583,12.32963333,1.001132965,1.000017804,,583,1.001132965,,,484,1.000780854
584,12.36853333,1.001136854,1.000003149,,584,1.001136854,,,485,1.000784085
585,12.4075,1.00114075,1.000010548,,585,1.00114075,,,486,1.000787321
586,12.44653333,1.001144654,0.999994794,,586,1.001144654,,,487,1.000790565
587,12.48563333,1.001148562,1.000020167,,587,1.001148562,,,488,1.000793813
588,12.5248,1.00115248,1.000001242,,588,1.00115248,,,489,1.000797071
589,12.56403333,1.001156404,1.000012001,,589,1.001156404,,,490,1.000800332
590,12.60333333,1.001160333,0.999983898,,590,1.001160333,,,491,1.000803602
591,12.6427,1.001164269,0.999993229,,591,1.001164269,,,492,1.00080688
592,12.68213333,1.001168214,0.999990523,,592,1.001168214,,,493,1.000810164
593,12.72163333,1.001172164,0.999996355,,593,1.001172164,,,494,1.000813453
594,12.7612,1.00117612,0.999999402,,594,1.00117612,,,495,1.00081675
595,12.80083333,1.001180083,0.999999664,,595,1.001180083,,,496,1.000820052
596,12.84053333,1.001184053,0.999989511,,596,1.001184053,,,497,1.000823363
597,12.8803,1.001188031,1.000001083,,597,1.001188031,,,498,1.000826679
598,12.92013333,1.001192014,0.999997807,,598,1.001192014,,,499,1.000830004
599,12.96003333,1.001196004,0.999987722,,599,1.001196004,,,500,1.000833334
,,,,,,,,,501,1.000836669
,,,,,,,,,502,1.000840013
,,,,,,,,,503,1.000843362
,,,,,,,,,504,1.000846722
,,,,,,,,,505,1.000850081
,,,,,,,,,506,1.000853453
,,,,,,,,,507,1.000856829
,,,,,,,,,508,1.000860212
,,,,,,,,,509,1.000863604
,,,,,,,,,510,1.000867
,,,,,,,,,511,1.000870405
,,,,,,,,,512,1.000873815
,,,,,,,,,513,1.000877232
,,,,,,,,,514,1.000880651
,,,,,,,,,515,1.000884084
,,,,,,,,,516,1.00088752
,,,,,,,,,517,1.000890963
,,,,,,,,,518,1.000894413
,,,,,,,,,519,1.000897871
,,,,,,,,,520,1.000901334
,,,,,,,,,521,1.000904804
,,,,,,,,,522,1.000908279
,,,,,,,,,523,1.000911761
,,,,,,,,,524,1.000915256
,,,,,,,,,525,1.000918747
,,,,,,,,,526,1.000922254
,,,,,,,,,527,1.000925762
,,,,,,,,,528,1.000929281
,,,,,,,,,529,1.000932803
,,,,,,,,,530,1.000936332
,,,,,,,,,531,1.00093987
,,,,,,,,,532,1.000943414
,,,,,,,,,533,1.000946963
,,,,,,,,,534,1.00095052
,,,,,,,,,535,1.000954081
,,,,,,,,,536,1.000957653
,,,,,,,,,537,1.000961229
,,,,,,,,,538,1.000964813
,,,,,,,,,539,1.000968402
,,,,,,,,,540,1.000972
,,,,,,,,,541,1.000975603
,,,,,,,,,542,1.000979213
,,,,,,,,,543,1.00098283
,,,,,,,,,544,1.000986455
,,,,,,,,,545,1.000990083
,,,,,,,,,546,1.00099372
,,,,,,,,,547,1.000997365
,,,,,,,,,548,1.001001014
,,,,,,,,,549,1.001004669
,,,,,,,,,550,1.001008335
,,,,,,,,,551,1.001012003
,,,,,,,,,552,1.001015679
,,,,,,,,,553,1.001019363
,,,,,,,,,554,1.001023054
,,,,,,,,,555,1.00102675
,,,,,,,,,556,1.001030453
,,,,,,,,,557,1.001034164
,,,,,,,,,558,1.00103788
,,,,,,,,,559,1.001041603
,,,,,,,,,560,1.001045333
,,,,,,,,,561,1.001049069
,,,,,,,,,562,1.001052814
,,,,,,,,,563,1.001056563
,,,,,,,,,564,1.00106032
,,,,,,,,,565,1.001064083
,,,,,,,,,566,1.001067853
,,,,,,,,,567,1.001071629
,,,,,,,,,568,1.001075412
,,,,,,,,,569,1.001079204
,,,,,,,,,570,1.001083001
,,,,,,,,,571,1.001086804
,,,,,,,,,572,1.001090614
,,,,,,,,,573,1.001094431
,,,,,,,,,574,1.001098255
,,,,,,,,,575,1.001102082
,,,,,,,,,576,1.001105921
,,,,,,,,,577,1.001109762
,,,,,,,,,578,1.001113613
,,,,,,,,,579,1.00111747
,,,,,,,,,580,1.001121334
,,,,,,,,,581,1.001125205
,,,,,,,,,582,1.00112908
,,,,,,,,,583,1.001132965
,,,,,,,,,584,1.001136854
,,,,,,,,,585,1.00114075
,,,,,,,,,586,1.001144654
,,,,,,,,,587,1.001148562
,,,,,,,,,588,1.00115248
,,,,,,,,,589,1.001156404
,,,,,,,,,590,1.001160333
,,,,,,,,,591,1.001164269
,,,,,,,,,592,1.001168214
,,,,,,,,,593,1.001172164
,,,,,,,,,594,1.00117612
,,,,,,,,,595,1.001180083
,,,,,,,,,596,1.001184053
,,,,,,,,,597,1.001188031
,,,,,,,,,598,1.001192014
,,,,,,,,,599,1.001196004